Invoice No,Date,Seller,Seller GSTIN,Buyer,Buyer GSTIN,Item,HSN/SAC,Qty,Rate,Taxable Value,CGST,SGST,IGST,Total,Currency,Debit Account,Credit Account,Mode,Narration,Reference No,Bill of Entry,Shipping Bill,LUT,Order No,Challan No,GRN No,Employee ID,Basic,PF,Net Pay,Days Present,Godown,Destination Godown,Physical Qty,Job Worker
KF/S/101,05-09-2026,Kaveri Fabricators Pvt Ltd,27AAACK1234M1ZL,Narmada Engineering,24AABCN5678P1ZT,HR Steel Coil,7208,2.5,52000,"1,30,000.00",,,"23,400.00","1,53,400.00",INR,,,,Tax invoice,,,,,,,,,,,,,,,,
NM/882,06-09-2026,Shree Steels,27AAPFU0939F1ZV,Kaveri Fabricators Pvt Ltd,27AAACK1234M1ZL,GI Sheet,7210,10,8000,80000,7200,7200,,94400,INR,,,,Purchase of GI sheets,,,,,,,,,,,,,,,,
RNT/09,01-09-2026,Sahyadri Estates,29AAGCS4321Q1ZT,Kaveri Fabricators Pvt Ltd,27AAACK1234M1ZL,Office rent September,997212,,,50000,,,9000,59000,INR,,,,Monthly rent,,,,,,,,,,,,,,,,
CN/2026/018,12-09-2026,Kaveri Fabricators Pvt Ltd,27AAACK1234M1ZL,Narmada Engineering,24AABCN5678P1ZT,HR Steel Coil,7208,,,(10000),,,(1800),(11800),INR,,,,Sales return - damaged sheets,KF/S/101,,,,,,,,,,,,,,,
PAY/551,15-09-2026,,,,,,,,,,,,,94400,INR,Shree Steels,HDFC Current A/c 5678,NEFT,Payment against NM/882,NM/882,,,,,,,,,,,,,,,
CTR/12,05-09-2026,,,,,,,,,,,,,"2,50,000.00",INR,SBI Current A/c 4567,HDFC Current A/c 5678,NEFT,Fund transfer for salary disbursement,,,,,,,,,,,,,,,,
SAL/09-26/E104,30-09-2026,,,,,,,,,,,,,,INR,,,,Salary for September,,,,,,,,E104,30000,3600,26400,,,,,
ATT/09-26/E104,30-09-2026,,,,,,,,,,,,,,,,,,Attendance September,,,,,,,,E104,,,,24,,,,
PO/77,02-09-2026,Shree Steels,27AAPFU0939F1ZV,Kaveri Fabricators Pvt Ltd,27AAACK1234M1ZL,MS Sheet,7208,20,5000,,,,,,INR,,,,,,,,,PO/77,,,,,,,,,,,
IMP/3321,08-09-2026,Hamburg Stahl GmbH,,Kaveri Fabricators Pvt Ltd,27AAACK1234M1ZL,Alloy steel bar,7228,5,,100000,,,18000,118000,EUR,,,,Import of alloy bars,,3321456,,,,,,,,,,,,,,
KF/E/12,18-09-2026,Kaveri Fabricators Pvt Ltd,27AAACK1234M1ZL,Gulf Metals LLC,,Fabricated frames,7308,40,5000,200000,,,,200000,USD,,,,Supply meant for export under LUT,,,7788123,AD2709260001234,,,,,,,,,,,,
DC/45,20-09-2026,Kaveri Fabricators Pvt Ltd,27AAACK1234M1ZL,Narmada Engineering,24AABCN5678P1ZT,HR Steel Coil,7208,5,,,,,,,,,,,Dispatch against SO/31,,,,,,DC/45,,,,,,,,,,
GRN/88,21-09-2026,Shree Steels,27AAPFU0939F1ZV,Kaveri Fabricators Pvt Ltd,27AAACK1234M1ZL,GI Sheet,7210,10,,,,,,,,,,,Goods received,,,,,PO/77,,GRN/88,,,,,,,,,
JV/03,30-09-2026,,,,,,,,,,,,,15000,INR,Depreciation,Plant & Machinery,,Depreciation for Q2,,,,,,,,,,,,,,,,
ADV/07,22-09-2026,,,,,,,,,,,,,50000,INR,HDFC Current A/c 5678,Narmada Engineering,RTGS,Advance against SO/31,,,,,,,,,,,,,,,,
SJ/02,25-09-2026,,,,,MS Sheet,7208,50,,,,,,,,,,,Transfer to Pune depot,,,,,,,,,,,,,Main,Pune Depot,,
PS/01,30-09-2026,,,,,GI Sheet,7210,,,,,,,,,,,,Quarterly stock count,,,,,,,,,,,,,Main,,480,
JW/MO/5,26-09-2026,Kaveri Fabricators Pvt Ltd,27AAACK1234M1ZL,Deccan Platers,27AAPFU0939F1ZV,Fabricated frames,7308,100,,,,,,,,,,,Sent for zinc plating,,,,,,JW/MO/5,,,,,,,,,,Deccan Platers
